event_time,event_type,product_id,category_id,category_code,brand,price,user_id,user_session,event_time_parsed
2019-10-06 14:26:10 UTC,cart,1801723,2053013554415534427,electronics.video.tv,tcl,135.65,557388939,,2019-10-06 14:26:10+00:00
2019-10-25 10:36:14 UTC,cart,1004767,2053013555631882655,electronics.smartphone,samsung,246.52,549825742,,2019-10-25 10:36:14+00:00
2019-11-09 15:32:27 UTC,cart,19700004,2053013559104766575,unknown,kabrita,37.77,539704497,,2019-11-09 15:32:27+00:00
2019-11-09 17:15:24 UTC,cart,1005083,2053013555631882655,electronics.smartphone,honor,566.27,568843390,,2019-11-09 17:15:24+00:00
2019-11-13 04:02:03 UTC,cart,4804008,2053013554658804075,electronics.audio.headphone,bluedio,97.81,570411102,,2019-11-13 04:02:03+00:00
2019-11-13 07:18:35 UTC,cart,1004767,2053013555631882655,electronics.smartphone,samsung,243.51,570878749,,2019-11-13 07:18:35+00:00
2019-11-23 12:53:50 UTC,cart,7600528,2053013552821698803,unknown,tp-link,16.73,575357602,,2019-11-23 12:53:50+00:00
2019-11-25 05:04:42 UTC,cart,1802104,2053013554415534427,electronics.video.tv,arg,360.09,573722572,,2019-11-25 05:04:42+00:00
2019-11-25 07:03:38 UTC,cart,21403753,2053013561579406073,electronics.clocks,unknown,181.47,576301354,,2019-11-25 07:03:38+00:00
2019-11-26 07:48:12 UTC,cart,4804718,2053013554658804075,electronics.audio.headphone,apple,334.58,576935861,,2019-11-26 07:48:12+00:00
2019-11-27 07:02:20 UTC,cart,12719553,2053013553559896355,unknown,unknown,55.6,577167045,,2019-11-27 07:02:20+00:00
2019-11-29 17:25:56 UTC,cart,1005116,2053013555631882655,electronics.smartphone,apple,1001.42,579123407,,2019-11-29 17:25:56+00:00
