check,raw,cleaned,expected,status,note
row count (raw == cleaned),109950743,109950743,109950743,PASS,
per-file rows sum == stats json,109950743,109950743,match,PASS,
Oct rows == stats json,42448764,42448764,42448764,PASS,
Nov rows == stats json,67501979,67501979,67501979,PASS,
event_type count[view],104335509,104335509,104335509,PASS,
event_type count[cart],3955446,3955446,3955446,PASS,
event_type count[purchase],1659788,1659788,1659788,PASS,
sum of event_type counts == rows,109950743,109950743,match,PASS,
nulls[event_time] unchanged by cleaning,0,0,match,PASS,
nulls[event_type] unchanged by cleaning,0,0,match,PASS,
nulls[product_id] unchanged by cleaning,0,0,match,PASS,
nulls[category_id] unchanged by cleaning,0,0,match,PASS,
nulls[price] unchanged by cleaning,0,0,match,PASS,
nulls[user_id] unchanged by cleaning,0,0,match,PASS,
nulls[user_session] unchanged by cleaning,12,12,match,PASS,
category_code: raw nulls -> cleaned 'unknown',35413780,35413780,35413780,PASS,
brand: raw nulls -> cleaned 'unknown',15341158,15341158,15341158,PASS,
unknown category flag == 'unknown' labels,35413780,35413780,match,PASS,
unknown brand flag == 'unknown' labels,15341158,15341158,match,PASS,
user_session nulls preserved,12,12,match,PASS,
session nulls match stats json,12,12,match,PASS,
price <= 0 count,256761,256761,256761,PASS,
price > 100000 count,0,0,0,PASS,
price sum[view],30372702757.23,30372702757.23,match,PASS,
price min[view],0.0,0.0,match,PASS,
price max[view],2574.07,2574.07,match,PASS,
price sum[cart],1187608051.13,1187608051.13,match,PASS,
price min[cart],0.0,0.0,match,PASS,
price max[cart],2574.07,2574.07,match,PASS,
price sum[purchase],505152392.77,505152392.77,match,PASS,
price min[purchase],0.77,0.77,match,PASS,
price max[purchase],2574.07,2574.07,match,PASS,
PurchasePrice total == raw purchase price sum,505152392.77,505152392.77,505152392.77,PASS,
min event_time,2019-10-01 00:00:00 UTC,2019-10-01 00:00:00 UTC,match,PASS,
max event_time,2019-11-30 23:59:59 UTC,2019-11-30 23:59:59 UTC,match,PASS,
daily x event_type counts identical,0,0,0,PASS,182 day/event cells compared
distinct product_id,206876,206876,match,PASS,
distinct user_id,5316649,5316649,match,PASS,
distinct user_session,23016650,23016650,match,PASS,
PriceBand column has no nulls,0,0,match,PASS,
PurchasePrice column has no nulls,0,0,match,PASS,
category_main non-null everywhere,0,0,match,PASS,
band events sum == total rows,109950743,109950743,match,PASS,
band purchases sum == purchases,1659788,1659788,match,PASS,
view->cart % == 3.79,n/a,3.79,3.79,PASS,
cart->purchase % == 41.96,n/a,41.96,41.96,PASS,
view->purchase % == 1.59,n/a,1.59,1.59,PASS,
unknown brand % == 13.95,n/a,13.95,13.95,PASS,
unknown category % == 32.21,n/a,32.21,32.21,PASS,
$500+ value share % == 54.91,n/a,54.91,54.91,PASS,
$500+ value == 277.4M,n/a,277.40,277.4,PASS,
Total PurchasePrice == 505.15M,n/a,505.15,505.15,PASS,
Avg Purchase Price == 304.34,n/a,304.35,304.34,PASS,
Purchase Price per Event == 4.59,n/a,4.59,4.59,PASS,
